Feature,Importance
Amount,2.036032549184911
V1,1.5528778578945364
V14,1.5212745583229732
V12,1.2410963209748458
V4,1.1885928555011627
V10,1.099223977958955
V5,1.056058654778115
V17,0.8900857498095133
V2,0.7933012736015321
V20,0.7548711481855459
V6,0.7063133543952906
V22,0.6141478263428666
V7,0.5958134152075484
V16,0.5847329513059494
V11,0.5756252785098287
V9,0.5027276589352994
V8,0.48893177305277163
V23,0.4591889726524051
V3,0.41417975762972375
V15,0.4129904363585949
V19,0.3177580537671598
V13,0.29904814870704116
V24,0.29387256575504095
V28,0.27754144721242524
V18,0.26180501320647653
Time,0.2607196616422922
V27,0.163951385599364
V26,0.15003542403636527
V25,0.12376426184262243
V21,0.06988684659527436
